{"cameraMode":{"drawMode":0,"name":"Shaded","section":"Shading Mode"},"sceneLighting":false,"audioPlay":false,"sceneViewState":{"showFog":true,"showMaterialUpdate":false,"showSkybox":false,"showFlares":true,"showImageEffects":true,"showParticleSystems":true},"in2DMode":false,"pivot":{"x":0.44748103618621828,"y":0.17528316378593446,"z":2.657271385192871},"rotation":{"x":0.004190101753920317,"y":-0.009902307763695717,"z":-0.000041405164665775374,"w":-0.9999427199363709},"size":6.794486045837402,"orthographic":false}